,,mean,mean,mean,std,std,std,effect_immediate,effect_3months,r_square_immediate,r_square_3months
,,score,score,score,score,score,score,,,,
sample,,1,2,3,1,2,3,,,,
group,outcome,,,,,,,,,,
group1,General Self Concept,3.9285714285714284,5.607142857142857,5.964285714285714,1.9612651137877424,1.3148520748875054,1.4005856673692658,1.0053491907911918,0.26291524102480984,0.20171264496098862,0.016987542468856226
group1,Intelligent Self Concept,4.771428571428571,5.4,5.9714285714285715,1.8955941841344552,1.6838331620582425,1.3391330445196137,0.35060039207142235,0.37562411321267386,0.02981397067882226,0.0340715502555366
group1,Resilience (Recovery from Setbacks),3.4047619047619047,5.333333333333333,5.690476190476191,1.3262734112694057,1.0969284536925485,1.0473682521046934,1.5846729260038523,0.3330206152639639,0.38567281016796057,0.026977707201951244
group1,Respect Personal Boundaries,3.942857142857143,5.142857142857143,5.457142857142857,1.6077543187874919,1.0611552290631505,0.9804817886198226,0.8809579765923794,0.30763611881003694,0.16249431042330453,0.023113138645122825
group1,Social Self Concept,3.4571428571428573,5.085714285714285,5.514285714285714,2.1467192087798854,1.336620597570133,1.1725143564009726,0.9107579302476133,0.3408806094277006,0.17175348199376206,0.028229823978744642
